{"loss": [1.4849778413772583, 1.0740736722946167, 0.901539146900177, 0.7924337387084961, 0.71119624376297, 0.6426115036010742, 0.5937877893447876, 0.5600473880767822, 0.5237026214599609, 0.4907827377319336, 0.4614907503128052, 0.4403087794780731], "accuracy": [0.4574054777622223, 0.6202138662338257, 0.6840355396270752, 0.7245674729347229, 0.7548261880874634, 0.7793575525283813, 0.7979413866996765, 0.8091156482696533, 0.8216917514801025, 0.8320249915122986, 0.8423181772232056, 0.8509692549705505], "val_loss": [1.2173510789871216, 1.4750902652740479, 0.9953755736351013, 1.1742380857467651, 0.8727890849113464, 0.7233947515487671, 1.1182979345321655, 0.6087911128997803, 0.5355587601661682, 0.5428512096405029, 0.6100732684135437, 0.5093385577201843], "val_accuracy": [0.5541999936103821, 0.5620999932289124, 0.6421999931335449, 0.6201000213623047, 0.7253999710083008, 0.7599999904632568, 0.666700005531311, 0.7907000184059143, 0.8203999996185303, 0.8141000270843506, 0.7993999719619751, 0.8267999887466431]}