{"R": 125.17531584701538, "G": 116.08281515960694, "B": 106.28272320175171}