{"loss": [2.2140920162200928, 1.8379793167114258, 1.6477601528167725, 1.5024337768554688, 1.3839032649993896, 1.2876307964324951, 1.2089202404022217, 1.1398242712020874, 1.0841529369354248], "accuracy": [0.34490296244621277, 0.494806706905365, 0.5706007480621338, 0.6268647909164429, 0.6710578799247742, 0.7043431401252747, 0.7322144508361816, 0.7553536891937256, 0.7755854725837708], "val_loss": [1.9821449518203735, 1.7637834548950195, 1.6146718263626099, 1.4660202264785767, 1.4020121097564697, 1.2476933002471924, 1.2324780225753784, 1.2030178308486938, 1.2726800441741943], "val_accuracy": [0.43779999017715454, 0.5249000191688538, 0.5922999978065491, 0.6403999924659729, 0.6657999753952026, 0.7268000245094299, 0.734000027179718, 0.7383000254631042, 0.7333999872207642]}