{"loss": [2.147733688354492, 1.6647595167160034, 1.4879181385040283, 1.3995048999786377, 1.336274266242981, 1.2893887758255005, 1.2559444904327393, 1.2208577394485474, 1.1897977590560913, 1.1679531335830688, 1.1461220979690552, 1.1311508417129517, 1.1096943616867065, 1.0954471826553345, 1.0816853046417236], "accuracy": [0.2477329820394516, 0.3441796898841858, 0.4103425443172455, 0.4487246870994568, 0.47867465019226074, 0.49949267506599426, 0.515762209892273, 0.530667245388031, 0.5470417141914368, 0.5537595152854919, 0.5632413029670715, 0.5693642497062683, 0.578916072845459, 0.5876631140708923, 0.5918967127799988], "val_loss": [1.6090898513793945, 1.4122105836868286, 1.3149970769882202, 1.267901062965393, 1.1958612203598022, 1.1464704275131226, 1.13058602809906, 1.100773572921753, 1.0824183225631714, 1.0886884927749634, 1.065949559211731, 1.0726653337478638, 1.0305792093276978, 1.0150330066680908, 1.0307185649871826], "val_accuracy": [0.3484933078289032, 0.4383370578289032, 0.4709821343421936, 0.5041852593421936, 0.5306919813156128, 0.5558035969734192, 0.5611048936843872, 0.5680803656578064, 0.5770089030265808, 0.580078125, 0.5923548936843872, 0.5873326063156128, 0.6026785969734192, 0.6135602593421936, 0.6116071343421936]}