{"R": 117.19479726038223, "G": 89.80118536720367, "B": 79.9644640987748}