{"R": 117.02960133734987, "G": 89.58531455593872, "B": 79.88461028394845}