{"R": 125.21882588958741, "G": 116.27016369247437, "B": 106.30167581176758}